name,title,xpath,grid_name,parent_grid_name,type,widget,container,format,ignore_empty,ignore_autocalc_check,export_result,force_def_val,disabled,readonly,required,weight,allow_cyrillic,default_value,options,attributes,class,rows,minlength,maxlength,decimal_length,pattern,exclude_from_xml,extensions,max_size,tag
ENT_NAME,Denumirea completa a contribuabilului,dec/DataSet/Header/ENT_NAME,,,text,textfield,,,0,0,0,0,0,1,0,0,0,@agent_name,,,text,0,0,0,0,,0,,,
FISCCOD_FISC,Inspectoratul Fiscal de Stat pe r-nul (mun.),dec/DataSet/Header/FISCCOD_FISC,,,custom,select,%02d,%02d,0,0,0,0,0,0,1,1,0,@ifs,<?php return classifiers_get_list('ifs'); ?>,,text,0,2,2,0,,0,,,
CUATM,Codul localităţii (CUATM),dec/DataSet/Header/CUATM,,,custom,select,%04d,%04d,0,0,0,0,0,0,1,2,0,@cuatm,<?php return classifiers_get_list('cuatm'); ?>,,,0,4,4,0,,0,,,
CAEM,Activitatea principală,dec/DataSet/Header/CAEM,,,custom,select,,,0,0,0,0,0,0,1,13,0,@cuiio_caem_code,<?php return declarations_get_caem_list('vocabulary_18'); ?>,,text,0,0,300,0,,0,,,
STREET,Strada,dec/DataSet/Header/STREET,,,text,textfield,,,0,0,0,0,0,0,0,3,0,@address,,,,0,0,100,0,,0,,,
STREET_NR,Nr casei,dec/DataSet/Header/STREET_NR,,,text,textfield,,,0,0,0,0,0,0,0,4,0,,,,,0,0,100,0,,0,,,
CUIIO,Codul CUIÎO,dec/DataSet/Header/CUIIO,,,text,textfield,,,0,0,0,0,0,0,1,5,0,@cuiio,,,,0,5,13,0,,0,,,
IDNO,Codul fiscal,dec/DataSet/Header/IDNO,,,text,textfield,,,0,0,0,0,1,0,1,6,0,@fisccode,,,text,0,0,15,0,,0,,,
HEAD,Conducătorul,dec/DataSet/Header/HEAD,,,text,textfield,,textfield,0,0,0,0,0,0,0,7,0,,,,text,0,0,0,0,,0,,,
EXECUTOR,Executant,dec/DataSet/Header/EXECUTOR,,,text,textfield,,,0,0,0,0,0,0,0,8,0,@full_name,,,,0,0,0,0,,0,,,
PHONE,Numar telefon,dec/DataSet/Header/PHONE,,,text,textfield,,,0,0,0,0,0,0,0,9,0,@cuiio_telefon,,,,0,0,12,0,,0,,,
EMAIL,E-mail,dec/DataSet/Header/EMAIL,,,text,textfield,,,0,0,0,0,0,0,0,10,0,@email,,,text,0,0,60,0,,0,,,
nalogPeriodLetter,,dec/DataSet/Header/nalogPeriodLetter,,,period_type,hidden,,,0,0,0,0,0,0,0,0,0,A,,,,0,0,0,0,,0,,,
nalogPeriodType,nalogPeriodType,dec/DataSet/Header/nalogPeriodType,,,period,hidden,,,0,0,0,0,0,0,1,79,0,@last_year_period,,,text,0,0,0,0,,0,,,
YEAR,Perioada fiscală,dec/DataSet/Header/YEAR,,,period_year,select,,,0,0,0,0,0,0,0,18,0,@last_year_period,,,,0,0,0,0,,0,,,
CAPITOL1_R110_C1,Capitol 1 Rînd. 110 col.1,dec/DataSet/Data/CAPITOL1_R110_C1,,,numeric,textfield,,,0,0,0,0,0,0,0,14,0,,,,table number,0,0,20,0,,0,,,
CAPITOL1_R111_C1,Capitol 1 Rînd. 111 col.1,dec/DataSet/Data/CAPITOL1_R111_C1,,,numeric,textfield,,,0,0,0,0,0,0,0,14,0,,,,table number,0,0,20,0,,0,,,
CAPITOL1_R112_C1,Capitol 1 Rînd. 112 col.1,dec/DataSet/Data/CAPITOL1_R112_C1,,,numeric,textfield,,,0,0,0,0,0,0,0,14,0,,,,table number,0,0,20,0,,0,,,
CAPITOL1_R113_C1,Capitol 1 Rînd. 113 col.1,dec/DataSet/Data/CAPITOL1_R113_C1,,,numeric,textfield,,,0,0,0,0,0,0,0,14,0,,,,table number,0,0,20,0,,0,,,
CAPITOL1_R120_C1,Capitol 1 Rînd. 120 col.1,dec/DataSet/Data/CAPITOL1_R120_C1,,,numeric,textfield,,,0,0,0,0,0,0,0,14,0,,,,table number,0,0,20,0,,0,,,
CAPITOL1_R130_C1,Capitol 1 Rind.130 da,dec/DataSet/Data/CAPITOL1_R130_C1,,,text,checkbox,,,0,0,0,0,0,0,0,7,0,,,,,0,0,20,0,,0,,,
CAPITOL1_R130_C2,Capitol 1 Rind.130 nu,dec/DataSet/Data/CAPITOL1_R130_C2,,,text,checkbox,,,0,0,0,0,0,0,0,8,0,,,,,0,0,20,0,,0,,,
CAPITOL1_R140_C1,Capitol 1 Rind.140 da,dec/DataSet/Data/CAPITOL1_R140_C1,,,text,checkbox,,,0,0,0,0,0,0,0,7,0,,,,,0,0,20,0,,0,,,
CAPITOL1_R140_C2,Capitol 1 Rind.140 nu,dec/DataSet/Data/CAPITOL1_R140_C2,,,text,checkbox,,,0,0,0,0,0,0,0,8,0,,,,,0,0,20,0,,0,,,
CAPITOL1_R141_C1,Capitol 1 Rînd. 141 col.1,dec/DataSet/Data/CAPITOL1_R141_C1,,,numeric,textfield,,,0,0,0,0,0,0,0,14,0,,,,table number,0,0,20,0,,0,,,
CAPITOL1_R150_C1,Capitol 1 Rind.150 da,dec/DataSet/Data/CAPITOL1_R150_C1,,,text,checkbox,,,0,0,0,0,0,0,0,7,0,,,,,0,0,20,0,,0,,,
CAPITOL1_R150_C2,Capitol 1 Rind.150 nu,dec/DataSet/Data/CAPITOL1_R150_C2,,,text,checkbox,,,0,0,0,0,0,0,0,8,0,,,,,0,0,20,0,,0,,,
CAPITOL1_R161_C1,Capitol 1 Rind.161 da,dec/DataSet/Data/CAPITOL1_R161_C1,,,text,checkbox,,,0,0,0,0,0,0,0,7,0,,,,,0,0,20,0,,0,,,
CAPITOL1_R162_C1,Capitol 1 Rind.162 da,dec/DataSet/Data/CAPITOL1_R162_C1,,,text,checkbox,,,0,0,0,0,0,0,0,7,0,,,,,0,0,20,0,,0,,,
CAPITOL1_R163_C1,Capitol 1 Rind.163 da,dec/DataSet/Data/CAPITOL1_R163_C1,,,text,checkbox,,,0,0,0,0,0,0,0,7,0,,,,,0,0,20,0,,0,,,
CAPITOL1_R164_C1,Capitol 1 Rind.164 da,dec/DataSet/Data/CAPITOL1_R164_C1,,,text,checkbox,,,0,0,0,0,0,0,0,7,0,,,,,0,0,20,0,,0,,,
CAPITOL1_R165_C1,Capitol 1 Rind.165 da,dec/DataSet/Data/CAPITOL1_R165_C1,,,text,checkbox,,,0,0,0,0,0,0,0,7,0,,,,,0,0,20,0,,0,,,
CAPITOL2_R210_C1,Capitol 2 Rind.210 da,dec/DataSet/Data/CAPITOL2_R210_C1,,,text,checkbox,,,0,0,0,0,0,0,0,7,0,,,,,0,0,20,0,,0,,,
CAPITOL2_R210_C2,Capitol 2 Rind.210 nu,dec/DataSet/Data/CAPITOL2_R210_C2,,,text,checkbox,,,0,0,0,0,0,0,0,8,0,,,,,0,0,20,0,,0,,,
CAPITOL2_R211_C1,Capitol 2 Rind.211 da,dec/DataSet/Data/CAPITOL2_R211_C1,,,text,checkbox,,,0,0,0,0,0,0,0,7,0,,,,,0,0,20,0,,0,,,
CAPITOL2_R211_C2,Capitol 2 Rind.211 nu,dec/DataSet/Data/CAPITOL2_R211_C2,,,text,checkbox,,,0,0,0,0,0,0,0,8,0,,,,,0,0,20,0,,0,,,
CAPITOL2_R212_C1,Capitol 2 Rind.212 da,dec/DataSet/Data/CAPITOL2_R212_C1,,,text,checkbox,,,0,0,0,0,0,0,0,7,0,,,,,0,0,20,0,,0,,,
CAPITOL2_R212_C2,Capitol 2 Rind.212 nu,dec/DataSet/Data/CAPITOL2_R212_C2,,,text,checkbox,,,0,0,0,0,0,0,0,8,0,,,,,0,0,20,0,,0,,,
CAPITOL2_R213_C1,Capitol 2 Rind.213 da,dec/DataSet/Data/CAPITOL2_R213_C1,,,text,checkbox,,,0,0,0,0,0,0,0,7,0,,,,,0,0,20,0,,0,,,
CAPITOL2_R213_C2,Capitol 2 Rind.213 nu,dec/DataSet/Data/CAPITOL2_R213_C2,,,text,checkbox,,,0,0,0,0,0,0,0,8,0,,,,,0,0,20,0,,0,,,
CAPITOL2_R214_C1,Capitol 2 Rind.214 da,dec/DataSet/Data/CAPITOL2_R214_C1,,,text,checkbox,,,0,0,0,0,0,0,0,7,0,,,,,0,0,20,0,,0,,,
CAPITOL2_R214_C2,Capitol 2 Rind.214 nu,dec/DataSet/Data/CAPITOL2_R214_C2,,,text,checkbox,,,0,0,0,0,0,0,0,8,0,,,,,0,0,20,0,,0,,,
CAPITOL2_R215_C1,Capitol 2 Rind.215 da,dec/DataSet/Data/CAPITOL2_R215_C1,,,text,checkbox,,,0,0,0,0,0,0,0,7,0,,,,,0,0,20,0,,0,,,
CAPITOL2_R215_C2,Capitol 2 Rind.215 nu,dec/DataSet/Data/CAPITOL2_R215_C2,,,text,checkbox,,,0,0,0,0,0,0,0,8,0,,,,,0,0,20,0,,0,,,
CAPITOL2_R216_C1,Capitol 2 Rind.216 da,dec/DataSet/Data/CAPITOL2_R216_C1,,,text,checkbox,,,0,0,0,0,0,0,0,7,0,,,,,0,0,20,0,,0,,,
CAPITOL2_R216_C2,Capitol 2 Rind.216 nu,dec/DataSet/Data/CAPITOL2_R216_C2,,,text,checkbox,,,0,0,0,0,0,0,0,8,0,,,,,0,0,20,0,,0,,,
CAPITOL2_R217_C1,Capitol 2 Rind.217 da,dec/DataSet/Data/CAPITOL2_R217_C1,,,text,checkbox,,,0,0,0,0,0,0,0,7,0,,,,,0,0,20,0,,0,,,
CAPITOL2_R217_C2,Capitol 2 Rind.217 nu,dec/DataSet/Data/CAPITOL2_R217_C2,,,text,checkbox,,,0,0,0,0,0,0,0,8,0,,,,,0,0,20,0,,0,,,
CAPITOL2_R218_C1,Capitol 2 Rind.218 da,dec/DataSet/Data/CAPITOL2_R218_C1,,,text,checkbox,,,0,0,0,0,0,0,0,7,0,,,,,0,0,20,0,,0,,,
CAPITOL2_R218_C2,Capitol 2 Rind.218 nu,dec/DataSet/Data/CAPITOL2_R218_C2,,,text,checkbox,,,0,0,0,0,0,0,0,8,0,,,,,0,0,20,0,,0,,,
CAPITOL2_R220_C1,Capitol 2 Rind.220 da,dec/DataSet/Data/CAPITOL2_R220_C1,,,text,checkbox,,,0,0,0,0,0,0,0,7,0,,,,,0,0,20,0,,0,,,
CAPITOL2_R220_C2,Capitol 2 Rind.220 nu,dec/DataSet/Data/CAPITOL2_R220_C2,,,text,checkbox,,,0,0,0,0,0,0,0,8,0,,,,,0,0,20,0,,0,,,
CAPITOL3_R310_C1,Capitol 3 Rind.310 da,dec/DataSet/Data/CAPITOL3_R310_C1,,,text,checkbox,,,0,0,0,0,0,0,0,7,0,,,,,0,0,20,0,,0,,,
CAPITOL3_R310_C2,Capitol 3 Rind.310 nu,dec/DataSet/Data/CAPITOL3_R310_C2,,,text,checkbox,,,0,0,0,0,0,0,0,8,0,,,,,0,0,20,0,,0,,,
CAPITOL3_R321_C1,Capitol 3 Rind.321 da,dec/DataSet/Data/CAPITOL3_R321_C1,,,text,checkbox,,,0,0,0,0,0,0,0,7,0,,,,,0,0,20,0,,0,,,
CAPITOL3_R321_C2,Capitol 3 Rind.321 nu,dec/DataSet/Data/CAPITOL3_R321_C2,,,text,checkbox,,,0,0,0,0,0,0,0,8,0,,,,,0,0,20,0,,0,,,
CAPITOL3_R322_C1,Capitol 3 Rind.322 da,dec/DataSet/Data/CAPITOL3_R322_C1,,,text,checkbox,,,0,0,0,0,0,0,0,7,0,,,,,0,0,20,0,,0,,,
CAPITOL3_R322_C2,Capitol 3 Rind.322 nu,dec/DataSet/Data/CAPITOL3_R322_C2,,,text,checkbox,,,0,0,0,0,0,0,0,8,0,,,,,0,0,20,0,,0,,,
CAPITOL3_R323_C1,Capitol 3 Rind.323 da,dec/DataSet/Data/CAPITOL3_R323_C1,,,text,checkbox,,,0,0,0,0,0,0,0,7,0,,,,,0,0,20,0,,0,,,
CAPITOL3_R323_C2,Capitol 3 Rind.323 nu,dec/DataSet/Data/CAPITOL3_R323_C2,,,text,checkbox,,,0,0,0,0,0,0,0,8,0,,,,,0,0,20,0,,0,,,
CAPITOL3_R324_C1,Capitol 3 Rind.324 da,dec/DataSet/Data/CAPITOL3_R324_C1,,,text,checkbox,,,0,0,0,0,0,0,0,7,0,,,,,0,0,20,0,,0,,,
CAPITOL3_R324_C2,Capitol 3 Rind.324 nu,dec/DataSet/Data/CAPITOL3_R324_C2,,,text,checkbox,,,0,0,0,0,0,0,0,8,0,,,,,0,0,20,0,,0,,,
CAPITOL3_R325_C1,Capitol 3 Rind.325 da,dec/DataSet/Data/CAPITOL3_R325_C1,,,text,checkbox,,,0,0,0,0,0,0,0,7,0,,,,,0,0,20,0,,0,,,
CAPITOL3_R325_C2,Capitol 3 Rind.325 nu,dec/DataSet/Data/CAPITOL3_R325_C2,,,text,checkbox,,,0,0,0,0,0,0,0,8,0,,,,,0,0,20,0,,0,,,
CAPITOL3_R326_C1,Capitol 3 Rind.326 da,dec/DataSet/Data/CAPITOL3_R326_C1,,,text,checkbox,,,0,0,0,0,0,0,0,7,0,,,,,0,0,20,0,,0,,,
CAPITOL3_R326_C2,Capitol 3 Rind.326 nu,dec/DataSet/Data/CAPITOL3_R326_C2,,,text,checkbox,,,0,0,0,0,0,0,0,8,0,,,,,0,0,20,0,,0,,,
CAPITOL3_R327_C1,Capitol 3 Rind.327 da,dec/DataSet/Data/CAPITOL3_R327_C1,,,text,checkbox,,,0,0,0,0,0,0,0,7,0,,,,,0,0,20,0,,0,,,
CAPITOL3_R327_C2,Capitol 3 Rind.327 nu,dec/DataSet/Data/CAPITOL3_R327_C2,,,text,checkbox,,,0,0,0,0,0,0,0,8,0,,,,,0,0,20,0,,0,,,
CAPITOL3_R328_C1,Capitol 3 Rind.328 da,dec/DataSet/Data/CAPITOL3_R328_C1,,,text,checkbox,,,0,0,0,0,0,0,0,7,0,,,,,0,0,20,0,,0,,,
CAPITOL3_R328_C2,Capitol 3 Rind.328 nu,dec/DataSet/Data/CAPITOL3_R328_C2,,,text,checkbox,,,0,0,0,0,0,0,0,8,0,,,,,0,0,20,0,,0,,,
CAPITOL3_R329_C1,Capitol 3 Rind.329 da,dec/DataSet/Data/CAPITOL3_R329_C1,,,text,checkbox,,,0,0,0,0,0,0,0,7,0,,,,,0,0,20,0,,0,,,
CAPITOL3_R329_C2,Capitol 3 Rind.329 nu,dec/DataSet/Data/CAPITOL3_R329_C2,,,text,checkbox,,,0,0,0,0,0,0,0,8,0,,,,,0,0,20,0,,0,,,
CAPITOL3_R330_C1,Capitol 3 Rind.330 da,dec/DataSet/Data/CAPITOL3_R330_C1,,,text,checkbox,,,0,0,0,0,0,0,0,7,0,,,,,0,0,20,0,,0,,,
CAPITOL3_R330_C2,Capitol 3 Rind.330 nu,dec/DataSet/Data/CAPITOL3_R330_C2,,,text,checkbox,,,0,0,0,0,0,0,0,8,0,,,,,0,0,20,0,,0,,,
CAPITOL4_R410_C1,Capitol 4 Rind.410 da,dec/DataSet/Data/CAPITOL4_R410_C1,,,text,checkbox,,,0,0,0,0,0,0,0,7,0,,,,,0,0,20,0,,0,,,
CAPITOL4_R410_C2,Capitol 4 Rind.410 nu,dec/DataSet/Data/CAPITOL4_R410_C2,,,text,checkbox,,,0,0,0,0,0,0,0,8,0,,,,,0,0,20,0,,0,,,
CAPITOL4_R411_C1,Capitol 4 Rind.411 da,dec/DataSet/Data/CAPITOL4_R411_C1,,,text,checkbox,,,0,0,0,0,0,0,0,7,0,,,,,0,0,20,0,,0,,,
CAPITOL4_R411_C2,Capitol 4 Rind.411 nu,dec/DataSet/Data/CAPITOL4_R411_C2,,,text,checkbox,,,0,0,0,0,0,0,0,8,0,,,,,0,0,20,0,,0,,,
CAPITOL4_R412_C1,Capitol 4 Rind.412 da,dec/DataSet/Data/CAPITOL4_R412_C1,,,text,checkbox,,,0,0,0,0,0,0,0,7,0,,,,,0,0,20,0,,0,,,
CAPITOL4_R412_C2,Capitol 4 Rind.412 nu,dec/DataSet/Data/CAPITOL4_R412_C2,,,text,checkbox,,,0,0,0,0,0,0,0,8,0,,,,,0,0,20,0,,0,,,
CAPITOL4_R413_C1,Capitol 4 Rind.413 da,dec/DataSet/Data/CAPITOL4_R413_C1,,,text,checkbox,,,0,0,0,0,0,0,0,7,0,,,,,0,0,20,0,,0,,,
CAPITOL4_R413_C2,Capitol 4 Rind.413 nu,dec/DataSet/Data/CAPITOL4_R413_C2,,,text,checkbox,,,0,0,0,0,0,0,0,8,0,,,,,0,0,20,0,,0,,,
CAPITOL4_R414_C1,Capitol 4 Rind.414 da,dec/DataSet/Data/CAPITOL4_R414_C1,,,text,checkbox,,,0,0,0,0,0,0,0,7,0,,,,,0,0,20,0,,0,,,
CAPITOL4_R414_C2,Capitol 4 Rind.414 nu,dec/DataSet/Data/CAPITOL4_R414_C2,,,text,checkbox,,,0,0,0,0,0,0,0,8,0,,,,,0,0,20,0,,0,,,
CAPITOL4_R415_C1,Capitol 4 Rind.415 da,dec/DataSet/Data/CAPITOL4_R415_C1,,,text,checkbox,,,0,0,0,0,0,0,0,7,0,,,,,0,0,20,0,,0,,,
CAPITOL4_R415_C2,Capitol 4 Rind.415 nu,dec/DataSet/Data/CAPITOL4_R415_C2,,,text,checkbox,,,0,0,0,0,0,0,0,8,0,,,,,0,0,20,0,,0,,,
CAPITOL4_R420_C1,Capitol 4 Rind.420 da,dec/DataSet/Data/CAPITOL4_R420_C1,,,text,checkbox,,,0,0,0,0,0,0,0,7,0,,,,,0,0,20,0,,0,,,
CAPITOL4_R420_C2,Capitol 4 Rind.420 nu,dec/DataSet/Data/CAPITOL4_R420_C2,,,text,checkbox,,,0,0,0,0,0,0,0,8,0,,,,,0,0,20,0,,0,,,
CAPITOL5_R511_C1,Capitol 5 Rind.511 da,dec/DataSet/Data/CAPITOL5_R511_C1,,,text,checkbox,,,0,0,0,0,0,0,0,7,0,,,,,0,0,20,0,,0,,,
CAPITOL5_R511_C2,Capitol 5 Rind.511 nu,dec/DataSet/Data/CAPITOL5_R511_C2,,,text,checkbox,,,0,0,0,0,0,0,0,8,0,,,,,0,0,20,0,,0,,,
CAPITOL5_R512_C1,Capitol 5 Rind.512 da,dec/DataSet/Data/CAPITOL5_R512_C1,,,text,checkbox,,,0,0,0,0,0,0,0,7,0,,,,,0,0,20,0,,0,,,
CAPITOL5_R512_C2,Capitol 5 Rind.512 nu,dec/DataSet/Data/CAPITOL5_R512_C2,,,text,checkbox,,,0,0,0,0,0,0,0,8,0,,,,,0,0,20,0,,0,,,
CAPITOL5_R520_C1,Capitol 5 Rind. 520 col.1,dec/DataSet/Data/CAPITOL5_R520_C1,,,numeric,textfield,,,0,0,0,0,0,0,0,14,0,,,,table number,0,0,20,0,,0,,,
CAPITOL5_R531_C1,Capitol 5 Rind. 531 col.1,dec/DataSet/Data/CAPITOL5_R531_C1,,,numeric,textfield,,,0,0,0,0,0,0,0,14,0,,,,table number,0,0,20,0,,0,,,
CAPITOL5_R532_C1,Capitol 5 Rind. 532 col.1,dec/DataSet/Data/CAPITOL5_R532_C1,,,numeric,textfield,,,0,0,0,0,0,0,0,14,0,,,,table number,0,0,20,0,,0,,,
CAPITOL5_R533_C1,Capitol 5 Rind. 533 col.1,dec/DataSet/Data/CAPITOL5_R533_C1,,,numeric,textfield,,,0,0,0,0,0,1,0,14,0,,,,table number,0,0,20,0,,0,,,
CAPITOL5_R541_C1,Capitol 5 Rind. 541 col.1,dec/DataSet/Data/CAPITOL5_R541_C1,,,numeric,textfield,,,0,0,0,0,0,0,0,14,0,,,,table number,0,0,20,0,,0,,,
CAPITOL5_R542_C1,Capitol 5 Rind. 542 col.1,dec/DataSet/Data/CAPITOL5_R542_C1,,,numeric,textfield,,,0,0,0,0,0,0,0,14,0,,,,table number,0,0,20,0,,0,,,
CAPITOL5_R543_C1,Capitol 5 Rind. 543 col.1,dec/DataSet/Data/CAPITOL5_R543_C1,,,numeric,textfield,,,0,0,0,0,0,1,0,14,0,,,,table number,0,0,20,0,,0,,,
CAPITOL5_R560_C1,Capitol 5 Rind.560 da,dec/DataSet/Data/CAPITOL5_R560_C1,,,text,checkbox,,,0,0,0,0,0,0,0,7,0,,,,,0,0,20,0,,0,,,
CAPITOL5_R560_C2,Capitol 5 Rind.560 nu,dec/DataSet/Data/CAPITOL5_R560_C2,,,text,checkbox,,,0,0,0,0,0,0,0,8,0,,,,,0,0,20,0,,0,,,
CAPITOL5_R570_C1,Capitol 5 Rind. 670 col.1,dec/DataSet/Data/CAPITOL5_R570_C1,,,numeric,textfield,,,0,0,0,0,0,0,0,14,0,,,,table number,0,0,20,0,,0,,,
CAPITOL6_R610_C1,Capitol 6 Rind.610 da,dec/DataSet/Data/CAPITOL6_R610_C1,,,text,checkbox,,,0,0,0,0,0,0,0,7,0,,,,,0,0,20,0,,0,,,
CAPITOL6_R610_C2,Capitol 6 Rind.610 nu,dec/DataSet/Data/CAPITOL6_R610_C2,,,text,checkbox,,,0,0,0,0,0,0,0,8,0,,,,,0,0,20,0,,0,,,
CAPITOL6_R620_C1,Capitol 6 Rind.620 da,dec/DataSet/Data/CAPITOL6_R620_C1,,,text,checkbox,,,0,0,0,0,0,0,0,7,0,,,,,0,0,20,0,,0,,,
CAPITOL6_R620_C2,Capitol 6 Rind.620 nu,dec/DataSet/Data/CAPITOL6_R620_C2,,,text,checkbox,,,0,0,0,0,0,0,0,8,0,,,,,0,0,20,0,,0,,,
CAPITOL6_R630_C1,Capitol 6 Rind.630 da,dec/DataSet/Data/CAPITOL6_R630_C1,,,text,checkbox,,,0,0,0,0,0,0,0,7,0,,,,,0,0,20,0,,0,,,
CAPITOL6_R630_C2,Capitol 6 Rind.630 nu,dec/DataSet/Data/CAPITOL6_R630_C2,,,text,checkbox,,,0,0,0,0,0,0,0,8,0,,,,,0,0,20,0,,0,,,
CAPITOL6_R640_C1,Capitol 6 Rind.640 da,dec/DataSet/Data/CAPITOL6_R640_C1,,,text,checkbox,,,0,0,0,0,0,0,0,7,0,,,,,0,0,20,0,,0,,,
CAPITOL6_R640_C2,Capitol 6 Rind.640 nu,dec/DataSet/Data/CAPITOL6_R640_C2,,,text,checkbox,,,0,0,0,0,0,0,0,8,0,,,,,0,0,20,0,,0,,,
CAPITOL6_R650_C1,Capitol 6 Rind.650 da,dec/DataSet/Data/CAPITOL6_R650_C1,,,text,checkbox,,,0,0,0,0,0,0,0,7,0,,,,,0,0,20,0,,0,,,
CAPITOL6_R650_C2,Capitol 6 Rind.650 nu,dec/DataSet/Data/CAPITOL6_R650_C2,,,text,checkbox,,,0,0,0,0,0,0,0,8,0,,,,,0,0,20,0,,0,,,
CAPITOL6_R661_C1,Capitol 6 Rind.661 da,dec/DataSet/Data/CAPITOL6_R661_C1,,,text,checkbox,,,0,0,0,0,0,0,0,7,0,,,,,0,0,20,0,,0,,,
CAPITOL6_R661_C2,Capitol 6 Rind.661 nu,dec/DataSet/Data/CAPITOL6_R661_C2,,,text,checkbox,,,0,0,0,0,0,0,0,8,0,,,,,0,0,20,0,,0,,,
CAPITOL6_R662_C1,Capitol 6 Rind.662 da,dec/DataSet/Data/CAPITOL6_R662_C1,,,text,checkbox,,,0,0,0,0,0,0,0,7,0,,,,,0,0,20,0,,0,,,
CAPITOL6_R662_C2,Capitol 6 Rind.662 nu,dec/DataSet/Data/CAPITOL6_R662_C2,,,text,checkbox,,,0,0,0,0,0,0,0,8,0,,,,,0,0,20,0,,0,,,
CAPITOL6_R663_C1,Capitol 6 Rind.663 da,dec/DataSet/Data/CAPITOL6_R663_C1,,,text,checkbox,,,0,0,0,0,0,0,0,7,0,,,,,0,0,20,0,,0,,,
CAPITOL6_R663_C2,Capitol 6 Rind.663 nu,dec/DataSet/Data/CAPITOL6_R663_C2,,,text,checkbox,,,0,0,0,0,0,0,0,8,0,,,,,0,0,20,0,,0,,,
CAPITOL6_R664_C1,Capitol 6 Rind.664 da,dec/DataSet/Data/CAPITOL6_R664_C1,,,text,checkbox,,,0,0,0,0,0,0,0,7,0,,,,,0,0,20,0,,0,,,
CAPITOL6_R664_C2,Capitol 6 Rind.664 nu,dec/DataSet/Data/CAPITOL6_R664_C2,,,text,checkbox,,,0,0,0,0,0,0,0,8,0,,,,,0,0,20,0,,0,,,
CAPITOL6_R665_C1,Capitol 6 Rind.665 da,dec/DataSet/Data/CAPITOL6_R665_C1,,,text,checkbox,,,0,0,0,0,0,0,0,7,0,,,,,0,0,20,0,,0,,,
CAPITOL6_R665_C2,Capitol 6 Rind.665 nu,dec/DataSet/Data/CAPITOL6_R665_C2,,,text,checkbox,,,0,0,0,0,0,0,0,8,0,,,,,0,0,20,0,,0,,,
CAPITOL6_R666_C1,Capitol 6 Rind.666 da,dec/DataSet/Data/CAPITOL6_R666_C1,,,text,checkbox,,,0,0,0,0,0,0,0,7,0,,,,,0,0,20,0,,0,,,
CAPITOL6_R666_C2,Capitol 6 Rind.666 nu,dec/DataSet/Data/CAPITOL6_R666_C2,,,text,checkbox,,,0,0,0,0,0,0,0,8,0,,,,,0,0,20,0,,0,,,
CAPITOL6_R667_C1,Capitol 6 Rind.667 da,dec/DataSet/Data/CAPITOL6_R667_C1,,,text,checkbox,,,0,0,0,0,0,0,0,7,0,,,,,0,0,20,0,,0,,,
CAPITOL6_R667_C2,Capitol 6 Rind.667 nu,dec/DataSet/Data/CAPITOL6_R667_C2,,,text,checkbox,,,0,0,0,0,0,0,0,8,0,,,,,0,0,20,0,,0,,,
CAPITOL6_R668_C1,Capitol 6 Rind.668 da,dec/DataSet/Data/CAPITOL6_R668_C1,,,text,checkbox,,,0,0,0,0,0,0,0,7,0,,,,,0,0,20,0,,0,,,
CAPITOL6_R668_C2,Capitol 6 Rind.668 nu,dec/DataSet/Data/CAPITOL6_R668_C2,,,text,checkbox,,,0,0,0,0,0,0,0,8,0,,,,,0,0,20,0,,0,,,
CAPITOL6_R670_C1,Capitol 6 Rind.670 da,dec/DataSet/Data/CAPITOL6_R670_C1,,,text,checkbox,,,0,0,0,0,0,0,0,7,0,,,,,0,0,20,0,,0,,,
CAPITOL6_R670_C2,Capitol 6 Rind.670 nu,dec/DataSet/Data/CAPITOL6_R670_C2,,,text,checkbox,,,0,0,0,0,0,0,0,8,0,,,,,0,0,20,0,,0,,,
CAPITOL7_R710_C1,Capitol 7 Rind.710 da,dec/DataSet/Data/CAPITOL7_R710_C1,,,text,checkbox,,,0,0,0,0,0,0,0,7,0,,,,,0,0,20,0,,0,,,
CAPITOL7_R710_C2,Capitol 7 Rind.710 nu,dec/DataSet/Data/CAPITOL7_R710_C2,,,text,checkbox,,,0,0,0,0,0,0,0,8,0,,,,,0,0,20,0,,0,,,
CAPITOL7_R721_C1,Capitol 7 Rind.721 da,dec/DataSet/Data/CAPITOL7_R721_C1,,,text,checkbox,,,0,0,0,0,0,0,0,7,0,,,,,0,0,20,0,,0,,,
CAPITOL7_R721_C2,Capitol 7 Rind.721 nu,dec/DataSet/Data/CAPITOL7_R721_C2,,,text,checkbox,,,0,0,0,0,0,0,0,8,0,,,,,0,0,20,0,,0,,,
CAPITOL7_R722_C1,Capitol 7 Rind.722 da,dec/DataSet/Data/CAPITOL7_R722_C1,,,text,checkbox,,,0,0,0,0,0,0,0,7,0,,,,,0,0,20,0,,0,,,
CAPITOL7_R722_C2,Capitol 7 Rind.722 nu,dec/DataSet/Data/CAPITOL7_R722_C2,,,text,checkbox,,,0,0,0,0,0,0,0,8,0,,,,,0,0,20,0,,0,,,
CAPITOL7_R730_C1,Capitol 7 Rind.730 da,dec/DataSet/Data/CAPITOL7_R730_C1,,,text,checkbox,,,0,0,0,0,0,0,0,7,0,,,,,0,0,20,0,,0,,,
CAPITOL7_R730_C2,Capitol 7 Rind.730 nu,dec/DataSet/Data/CAPITOL7_R730_C2,,,text,checkbox,,,0,0,0,0,0,0,0,8,0,,,,,0,0,20,0,,0,,,
CAPITOL7_R740_C1,Capitol 7 Rind.740 da,dec/DataSet/Data/CAPITOL7_R740_C1,,,text,checkbox,,,0,0,0,0,0,0,0,7,0,,,,,0,0,20,0,,0,,,
CAPITOL7_R740_C2,Capitol 7 Rind.740 nu,dec/DataSet/Data/CAPITOL7_R740_C2,,,text,checkbox,,,0,0,0,0,0,0,0,8,0,,,,,0,0,20,0,,0,,,
CAPITOL7_R751_C1,Capitol 7 Rind.751 da,dec/DataSet/Data/CAPITOL7_R751_C1,,,text,checkbox,,,0,0,0,0,0,0,0,7,0,,,,,0,0,20,0,,0,,,
CAPITOL7_R751_C2,Capitol 7 Rind.751 nu,dec/DataSet/Data/CAPITOL7_R751_C2,,,text,checkbox,,,0,0,0,0,0,0,0,8,0,,,,,0,0,20,0,,0,,,
CAPITOL7_R752_C1,Capitol 7 Rind.752 da,dec/DataSet/Data/CAPITOL7_R752_C1,,,text,checkbox,,,0,0,0,0,0,0,0,7,0,,,,,0,0,20,0,,0,,,
CAPITOL7_R752_C2,Capitol 7 Rind.752 nu,dec/DataSet/Data/CAPITOL7_R752_C2,,,text,checkbox,,,0,0,0,0,0,0,0,8,0,,,,,0,0,20,0,,0,,,
CAPITOL8_R810_C1,Capitol 8 Rind.810 da,dec/DataSet/Data/CAPITOL8_R810_C1,,,text,checkbox,,,0,0,0,0,0,0,0,7,0,,,,,0,0,20,0,,0,,,
CAPITOL8_R810_C2,Capitol 8 Rind.810 nu,dec/DataSet/Data/CAPITOL8_R810_C2,,,text,checkbox,,,0,0,0,0,0,0,0,8,0,,,,,0,0,20,0,,0,,,
CAPITOL8_R821_C1,Capitol 8 Rind.821 da,dec/DataSet/Data/CAPITOL8_R821_C1,,,text,checkbox,,,0,0,0,0,0,0,0,7,0,,,,,0,0,20,0,,0,,,
CAPITOL8_R821_C2,Capitol 8 Rind.821 nu,dec/DataSet/Data/CAPITOL8_R821_C2,,,text,checkbox,,,0,0,0,0,0,0,0,8,0,,,,,0,0,20,0,,0,,,
CAPITOL8_R822_C1,Capitol 8 Rind.822 da,dec/DataSet/Data/CAPITOL8_R822_C1,,,text,checkbox,,,0,0,0,0,0,0,0,7,0,,,,,0,0,20,0,,0,,,
CAPITOL8_R822_C2,Capitol 8 Rind.822 nu,dec/DataSet/Data/CAPITOL8_R822_C2,,,text,checkbox,,,0,0,0,0,0,0,0,8,0,,,,,0,0,20,0,,0,,,
CAPITOL8_R823_C1,Capitol 8 Rind.823 da,dec/DataSet/Data/CAPITOL8_R823_C1,,,text,checkbox,,,0,0,0,0,0,0,0,7,0,,,,,0,0,20,0,,0,,,
CAPITOL8_R823_C2,Capitol 8 Rind.823 nu,dec/DataSet/Data/CAPITOL8_R823_C2,,,text,checkbox,,,0,0,0,0,0,0,0,8,0,,,,,0,0,20,0,,0,,,
CAPITOL8_R824_C1,Capitol 8 Rind.824 da,dec/DataSet/Data/CAPITOL8_R824_C1,,,text,checkbox,,,0,0,0,0,0,0,0,7,0,,,,,0,0,20,0,,0,,,
CAPITOL8_R824_C2,Capitol 8 Rind.824 nu,dec/DataSet/Data/CAPITOL8_R824_C2,,,text,checkbox,,,0,0,0,0,0,0,0,8,0,,,,,0,0,20,0,,0,,,
CAPITOL8_R825_C1,Capitol 8 Rind.825 da,dec/DataSet/Data/CAPITOL8_R825_C1,,,text,checkbox,,,0,0,0,0,0,0,0,7,0,,,,,0,0,20,0,,0,,,
CAPITOL8_R825_C2,Capitol 8 Rind.825 nu,dec/DataSet/Data/CAPITOL8_R825_C2,,,text,checkbox,,,0,0,0,0,0,0,0,8,0,,,,,0,0,20,0,,0,,,
CAPITOL8_R826_C1,Capitol 8 Rind.826 da,dec/DataSet/Data/CAPITOL8_R826_C1,,,text,checkbox,,,0,0,0,0,0,0,0,7,0,,,,,0,0,20,0,,0,,,
CAPITOL8_R826_C2,Capitol 8 Rind.826 nu,dec/DataSet/Data/CAPITOL8_R826_C2,,,text,checkbox,,,0,0,0,0,0,0,0,8,0,,,,,0,0,20,0,,0,,,
CAPITOL8_R827_C1,Capitol 8 Rind.827 da,dec/DataSet/Data/CAPITOL8_R827_C1,,,text,checkbox,,,0,0,0,0,0,0,0,7,0,,,,,0,0,20,0,,0,,,
CAPITOL8_R827_C2,Capitol 8 Rind.827 nu,dec/DataSet/Data/CAPITOL8_R827_C2,,,text,checkbox,,,0,0,0,0,0,0,0,8,0,,,,,0,0,20,0,,0,,,
CAPITOL8_R828_C1,Capitol 8 Rind.828 da,dec/DataSet/Data/CAPITOL8_R828_C1,,,text,checkbox,,,0,0,0,0,0,0,0,7,0,,,,,0,0,20,0,,0,,,
CAPITOL8_R828_C2,Capitol 8 Rind.828 nu,dec/DataSet/Data/CAPITOL8_R828_C2,,,text,checkbox,,,0,0,0,0,0,0,0,8,0,,,,,0,0,20,0,,0,,,
CAPITOL8_R831_C1,Capitol 8 Rind.831 da,dec/DataSet/Data/CAPITOL8_R831_C1,,,text,checkbox,,,0,0,0,0,0,0,0,7,0,,,,,0,0,20,0,,0,,,
CAPITOL8_R831_C2,Capitol 8 Rind.831 nu,dec/DataSet/Data/CAPITOL8_R831_C2,,,text,checkbox,,,0,0,0,0,0,0,0,8,0,,,,,0,0,20,0,,0,,,
CAPITOL8_R832_C1,Capitol 8 Rind.832 da,dec/DataSet/Data/CAPITOL8_R832_C1,,,text,checkbox,,,0,0,0,0,0,0,0,7,0,,,,,0,0,20,0,,0,,,
CAPITOL8_R832_C2,Capitol 8 Rind.832 nu,dec/DataSet/Data/CAPITOL8_R832_C2,,,text,checkbox,,,0,0,0,0,0,0,0,8,0,,,,,0,0,20,0,,0,,,
CAPITOL8_R833_C1,Capitol 8 Rind.833 da,dec/DataSet/Data/CAPITOL8_R833_C1,,,text,checkbox,,,0,0,0,0,0,0,0,7,0,,,,,0,0,20,0,,0,,,
CAPITOL8_R833_C2,Capitol 8 Rind.833 nu,dec/DataSet/Data/CAPITOL8_R833_C2,,,text,checkbox,,,0,0,0,0,0,0,0,8,0,,,,,0,0,20,0,,0,,,
CAPITOL8_R834_C1,Capitol 8 Rind.834 da,dec/DataSet/Data/CAPITOL8_R834_C1,,,text,checkbox,,,0,0,0,0,0,0,0,7,0,,,,,0,0,20,0,,0,,,
CAPITOL8_R834_C2,Capitol 8 Rind.834 nu,dec/DataSet/Data/CAPITOL8_R834_C2,,,text,checkbox,,,0,0,0,0,0,0,0,8,0,,,,,0,0,20,0,,0,,,
CAPITOL8_R835_C1,Capitol 8 Rind.835 da,dec/DataSet/Data/CAPITOL8_R835_C1,,,text,checkbox,,,0,0,0,0,0,0,0,7,0,,,,,0,0,20,0,,0,,,
CAPITOL8_R835_C2,Capitol 8 Rind.835 nu,dec/DataSet/Data/CAPITOL8_R835_C2,,,text,checkbox,,,0,0,0,0,0,0,0,8,0,,,,,0,0,20,0,,0,,,
CAPITOL8_R836_C1,Capitol 8 Rind.836 da,dec/DataSet/Data/CAPITOL8_R836_C1,,,text,checkbox,,,0,0,0,0,0,0,0,7,0,,,,,0,0,20,0,,0,,,
CAPITOL8_R836_C2,Capitol 8 Rind.836 nu,dec/DataSet/Data/CAPITOL8_R836_C2,,,text,checkbox,,,0,0,0,0,0,0,0,8,0,,,,,0,0,20,0,,0,,,
CAPITOL8_R837_C1,Capitol 8 Rind.837 da,dec/DataSet/Data/CAPITOL8_R837_C1,,,text,checkbox,,,0,0,0,0,0,0,0,7,0,,,,,0,0,20,0,,0,,,
CAPITOL8_R837_C2,Capitol 8 Rind.837 nu,dec/DataSet/Data/CAPITOL8_R837_C2,,,text,checkbox,,,0,0,0,0,0,0,0,8,0,,,,,0,0,20,0,,0,,,
CAPITOL9_R910_C1,Capitol 9 Rind.910 da,dec/DataSet/Data/CAPITOL9_R910_C1,,,text,checkbox,,,0,0,0,0,0,0,0,7,0,,,,,0,0,20,0,,0,,,
CAPITOL9_R910_C2,Capitol 9 Rind.910 nu,dec/DataSet/Data/CAPITOL9_R910_C2,,,text,checkbox,,,0,0,0,0,0,0,0,8,0,,,,,0,0,20,0,,0,,,
CAPITOL9_R921_C1,Capitol 9 Rind.921 da,dec/DataSet/Data/CAPITOL9_R921_C1,,,text,checkbox,,,0,0,0,0,0,0,0,7,0,,,,,0,0,20,0,,0,,,
CAPITOL9_R921_C2,Capitol 9 Rind.921 nu,dec/DataSet/Data/CAPITOL9_R921_C2,,,text,checkbox,,,0,0,0,0,0,0,0,8,0,,,,,0,0,20,0,,0,,,
CAPITOL9_R922_C1,Capitol 9 Rind.922 da,dec/DataSet/Data/CAPITOL9_R922_C1,,,text,checkbox,,,0,0,0,0,0,0,0,7,0,,,,,0,0,20,0,,0,,,
CAPITOL9_R922_C2,Capitol 9 Rind.922 nu,dec/DataSet/Data/CAPITOL9_R922_C2,,,text,checkbox,,,0,0,0,0,0,0,0,8,0,,,,,0,0,20,0,,0,,,
CAPITOL9_R923_C1,Capitol 9 Rind.923 da,dec/DataSet/Data/CAPITOL9_R923_C1,,,text,checkbox,,,0,0,0,0,0,0,0,7,0,,,,,0,0,20,0,,0,,,
CAPITOL9_R923_C2,Capitol 9 Rind.923 nu,dec/DataSet/Data/CAPITOL9_R923_C2,,,text,checkbox,,,0,0,0,0,0,0,0,8,0,,,,,0,0,20,0,,0,,,
CAPITOL10_R930_C1,Capitol 10 Rind.930 da,dec/DataSet/Data/CAPITOL10_R930_C1,,,text,checkbox,,,0,0,0,0,0,0,0,7,0,,,,,0,0,20,0,,0,,,
CAPITOL10_R930_C2,Capitol 10 Rind.930 nu,dec/DataSet/Data/CAPITOL10_R930_C2,,,text,checkbox,,,0,0,0,0,0,0,0,8,0,,,,,0,0,20,0,,0,,,
CAPITOL10_R940_C1,Capitol 10 Rind.940 da,dec/DataSet/Data/CAPITOL10_R940_C1,,,text,checkbox,,,0,0,0,0,0,0,0,7,0,,,,,0,0,20,0,,0,,,
CAPITOL10_R940_C2,Capitol 10 Rind.940 nu,dec/DataSet/Data/CAPITOL10_R940_C2,,,text,checkbox,,,0,0,0,0,0,0,0,8,0,,,,,0,0,20,0,,0,,,
CAPITOL10_R999_C1,Capitol 10 Rînd. 999 col.1,dec/DataSet/Data/CAPITOL10_R999_C1,,,numeric,textfield,,,0,0,0,0,0,0,0,14,0,,,,table number,0,0,20,0,,0,,,
